Pothole ID,X-coordinate,Y-coordinate,Confidence Score,Area,Width,Height,Area_Classification,Depth_mono,Pixel Distance,Scale Factor,Depth_Classification,Actual_Depth
Pothole,313,371,0.972351,11900,175,68,Medium,67.7,88.0,0.5491774142736702,Moderate,37.17931094632747
Pothole,257,222,0.95785034,3298,97,34,Low,65.3,49.0,0.6717545712857965,Moderate,43.86557350496251
Pothole,217,242,0.97700363,4446,117,38,Low,64.8,59.0,0.45874339697076993,Moderate,29.72657212370589
Pothole,189,253,0.9535116,5334,127,42,Low,61.1,64.0,0.8474036362504058,Deep,51.776362174899795
Pothole,59,296,0.99412596,11252,194,58,Medium,69.2,97.0,0.6886410586665228,Moderate,47.65396125972338
Pothole,59,296,0.99412596,11252,194,58,Medium,69.2,97.0,0.6886410586665228,Moderate,47.65396125972338
Pothole,189,253,0.9535116,5334,127,42,Low,61.1,64.0,0.8474036362504058,Deep,51.776362174899795
